{"coord":{"lon":75.9206,"lat":14.4661},"weather":[{"id":804,"main":"Clouds","description":"overcast clouds","icon":"04n"}],"base":"stations","main":{"temp":295.77,"feels_like":296.39,"temp_min":295.77,"temp_max":295.77,"pressure":1008,"humidity":88,"sea_level":1008,"grnd_level":941},"visibility":10000,"wind":{"speed":4.56,"deg":261,"gust":9.61},"clouds":{"all":100},"dt":1693924768,"sys":{"country":"IN","sunrise":1693874683,"sunset":1693919170},"timezone":19800,"id":1270349,"name":"Davanagere","cod":200}